Name,Type,Google Maps url,Google Maps rating,Reddit url,Lat,Lng
"Katz's (#1, 736 upvotes)",Deli,https://www.google.com/maps/search/?api=1&query=xyz&query_place_id=ChIJCar0f49ZwokR6ozLV-dHNTE,4.5 (46153 reviews),https://www.reddit.com/r/FoodNYC/comments/1kke4qj/katzs/,40.722233,-73.987429
"The Wolfe (#2, 388 upvotes)",American Restaurant,https://www.google.com/maps/search/?api=1&query=xyz&query_place_id=ChIJ7bVx_8RZwokR1CtZHxbP4vg,4.5 (144 reviews),https://www.reddit.com/r/FoodNYC/comments/1krj0r0/1_wing_night_at_the_wolfe/,40.784018,-73.977489
"BKK (#3, 295 upvotes)",Thai Restaurant,https://www.google.com/maps/search/?api=1&query=xyz&query_place_id=ChIJeVhpLRpZwokRWVmBc6ZWqKc,4.9 (101 reviews),https://www.reddit.com/r/FoodNYC/comments/1kz6d7i/midtown_has_a_shockingly_good_new_thai_spot_bkk/,40.765685,-73.982746
"Brooklyn DOP (#4, 275 upvotes)",Pizza Restaurant,https://www.google.com/maps/search/?api=1&query=xyz&query_place_id=ChIJnX_OINlbwokR8DEjtfXUSQY,4.5 (391 reviews),https://www.reddit.com/r/FoodNYC/comments/1kudfl9/brooklyn_dop_in_park_slope_the_best_pizza_that_no/,40.675213,-73.980968
"Tanoreen (#5, 256 upvotes)",Middle Eastern Restaurant,https://www.google.com/maps/search/?api=1&query=xyz&query_place_id=ChIJoWqUUFhFwokRgLdrJbh0bBg,4.8 (2887 reviews),https://www.reddit.com/r/FoodNYC/comments/1km16ze/i_would_go_to_tanoreen_just_for_their_knafeh/,40.630792,-74.027786
"Nepali Bhancha Gar (#6, 250 upvotes)",Restaurant,https://www.google.com/maps/search/?api=1&query=xyz&query_place_id=ChIJd06GLQdfwokRQunm5arxBcM,3.9 (920 reviews),https://www.reddit.com/r/FoodNYC/comments/1kuh2vs/nepali_bhancha_gar_jackson_heights_queens/,40.747101,-73.890901
"Gotham burger (#7, 228 upvotes)",Hamburger Restaurant,https://www.google.com/maps/search/?api=1&query=xyz&query_place_id=ChIJa9mUEgFZwokRp_ITmhqS8f4,4.4 (1091 reviews),https://www.reddit.com/r/FoodNYC/comments/1kt5rzy/best_smashburger_in_nyc/,40.720062,-73.987617
"McSorley’s (#8, 224 upvotes)",Pub,https://www.google.com/maps/search/?api=1&query=xyz&query_place_id=ChIJGdCSd5tZwokRfYvMyzO7qtE,4.7 (8052 reviews),https://www.reddit.com/r/FoodNYC/comments/1kml84f/lunch_at_mcsorleys_no_founder_today_roast_pork/,40.728805,-73.989679
"Greedy Pot (#9, 207 upvotes)",American Restaurant,https://www.google.com/maps/search/?api=1&query=xyz&query_place_id=ChIJ0d_0EQL3wokRlyHE0MH7R_o,4.5 (207 reviews),https://www.reddit.com/r/FoodNYC/comments/1kswhfx/greedy_pot/,40.804171,-73.952155
"Jeju Noodle Bar (#10, 188 upvotes)",Korean Restaurant,https://www.google.com/maps/search/?api=1&query=xyz&query_place_id=ChIJvSw_uuxZwokRwESVzh5G33s,4.6 (2428 reviews),https://www.reddit.com/r/FoodNYC/comments/1kfm6e7/second_time_at_jeju_noodle_bar/,40.732989,-74.007342
"Ayam (#11, 180 upvotes)",Thai Restaurant,https://www.google.com/maps/search/?api=1&query=xyz&query_place_id=ChIJgxyPX-FfwokRM4glN2z8q9s,5.0 (29 reviews),https://www.reddit.com/r/FoodNYC/comments/1khxyzy/one_of_the_best_nasi_lemaks_in_nyc/,40.755028,-73.921567
"Taste of Jamaica 876 (#12, 177 upvotes)",Barbecue Restaurant,https://www.google.com/maps/search/?api=1&query=xyz&query_place_id=ChIJrS_iCAD3wokRyreNl382atk,4.5 (11 reviews),https://www.reddit.com/r/FoodNYC/comments/1kxmnpv/taste_of_jamaica_876/,40.808677,-73.948133
"Ovelia (#13, 170 upvotes)",Greek Restaurant,https://www.google.com/maps/search/?api=1&query=xyz&query_place_id=ChIJqUtnVkdfwokRsalMB02tYL4,4.4 (860 reviews),https://www.reddit.com/r/FoodNYC/comments/1kui49x/baklava_pancakes/,40.765913,-73.918682
"4 Charles (#14, 143 upvotes)",Steak House,https://www.google.com/maps/search/?api=1&query=xyz&query_place_id=ChIJ-7AOKpRZwokRMq0XnG_eehU,4.7 (969 reviews),https://www.reddit.com/r/FoodNYC/comments/1kepxhd/psa_4_charles_allows_hamburger_takeout/,40.735140,-74.000655
"Ba Xuyên (#15, 140 upvotes)",Sandwich Shop,https://www.google.com/maps/search/?api=1&query=xyz&query_place_id=ChIJr42oxs5awokRzyJdj2zfdIc,4.6 (726 reviews),https://www.reddit.com/r/FoodNYC/comments/1kqixy7/banh_mi_from_ba_xuyên_sunset_park_brooklyn/,40.645289,-73.999675
"Mei Lei Wah (#16, 139 upvotes)",Chinese Restaurant,https://www.google.com/maps/search/?api=1&query=xyz&query_place_id=ChIJM3elBidawokRJKPC55N6pQI,4.4 (3060 reviews),https://www.reddit.com/r/FoodNYC/comments/1kzjtbi/yet_another_pineapple_pork_bun/,40.715486,-73.997885
"Burmese Bites (#17, 132 upvotes)",Restaurant,https://www.google.com/maps/search/?api=1&query=xyz&query_place_id=ChIJcUH6w1JfwokRvTfUfgVU2rs,4.8 (281 reviews),https://www.reddit.com/r/FoodNYC/comments/1l0y5j0/burmese_bites_at_queens_center_mall_food_court/,40.734405,-73.868947
"Metropolis by Marcus Samuelsson (#18, 125 upvotes)",American Restaurant,https://www.google.com/maps/search/?api=1&query=xyz&query_place_id=ChIJLbVjDF5bwokRZFE7PRwuRpY,4.4 (163 reviews),https://www.reddit.com/r/FoodNYC/comments/1kiya9z/metropolis_by_marcus_samuelsson/,40.712439,-74.012374
"Gramercy Tavern (#19, 123 upvotes)",Restaurant,https://www.google.com/maps/search/?api=1&query=xyz&query_place_id=ChIJvSQIgqFZwokRFYQbJdzceSs,4.6 (4397 reviews),https://www.reddit.com/r/FoodNYC/comments/1kjovo0/gramercy_tavern_burger_just_wow_from_an_italian/,40.738456,-73.988506
"OMG shawarma (#20, 122 upvotes)",Middle Eastern Restaurant,https://www.google.com/maps/search/?api=1&query=xyz&query_place_id=ChIJzUFuDwBZwokRYtmEnYuKRT8,4.5 (236 reviews),https://www.reddit.com/r/FoodNYC/comments/1l0vr6y/shawarma_mix_platter_from_omg_shawarma_by/,40.734496,-74.002067
"Henan Feng Wei (#21, 103 upvotes)",Chinese Restaurant,https://www.google.com/maps/search/?api=1&query=xyz&query_place_id=ChIJj_AZvhFgwokRvh7oLaggI9Q,4.1 (216 reviews),https://www.reddit.com/r/FoodNYC/comments/1knm7w0/lamb_fried_handpulled_noodles_henan_feng_wei/,40.759021,-73.828496
"SEA by Jungsik (#22, 86 upvotes)",Restaurant,https://www.google.com/maps/search/?api=1&query=xyz&query_place_id=ChIJrVuKvz9ZwokRvrxUyJHeweQ,4.3 (161 reviews),https://www.reddit.com/r/FoodNYC/comments/1kk1w5l/sea_by_jungsik/,40.748435,-73.991776
"Cafe Himalaya (#23, 85 upvotes)",Restaurant,https://www.google.com/maps/search/?api=1&query=xyz&query_place_id=ChIJk-Ctm4NZwokRpuORmfL1xKk,4.7 (841 reviews),https://www.reddit.com/r/FoodNYC/comments/1kt7awz/cafe_himalaya/,40.723241,-73.987917
"Paradise Lost (#24, 76 upvotes)",Bar,https://www.google.com/maps/search/?api=1&query=xyz&query_place_id=ChIJr_CugNxZwokRYRqcXtzJ8sQ,4.5 (317 reviews),https://www.reddit.com/r/FoodNYC/comments/1khmcog/musubi_and_other_things_at_east_village_tiki_bar/,40.727117,-73.988352
"Bark Barbecue (#25, 74 upvotes)",Barbecue Restaurant,https://www.google.com/maps/search/?api=1&query=xyz&query_place_id=ChIJ051SSnpbwokRRHizOSfAQjA,4.2 (808 reviews),https://www.reddit.com/r/FoodNYC/comments/1kl82bg/bark_barbecue/,40.703412,-73.991841
